scheduled_date,scheduled_time,board_id,title,description,image_url,link,alt_text,posted_at,pin_id,extra_images
2026-06-12,00:01,1137370149584773416,10 questions that turn a sauna night into a real gathering,"What turns a sauna circle into a gathering people remember? The questions you ask. We've pulled 10 from the Sauna Host workbook — designed for the heat, the cold, and the quiet between. This is a practice, not an event. Start the free 5-day course →",https://thesaunahost.com/images/pinterest/pin-09.jpg,https://thesaunahost.com/workbook?utm_source=pinterest&utm_medium=organic&utm_campaign=launch&utm_content=pin-09,Designed Pinterest pin listing 10 reflective questions for hosting a sauna gathering,manual-pre-existing,,
2026-06-15,09:00,1137370149584773420,Connection is the medicine,"The sauna and the cold are the capsule. What happens between people inside it is the practice. This is a practice, not an event. Try Revivery →",https://thesaunahost.com/images/pinterest/lifestyle-260109-066.jpg,https://thesaunahost.com/?utm_source=pinterest&utm_medium=organic&utm_campaign=launch&utm_content=lifestyle-260109-066,Three members laughing together in a warmly-lit Revivery sauna,2026-06-12T11:34:45 via-chrome,1137370080934497657,
2026-06-16,09:00,1137370149584773424,The 4% that changes everything about hosting,"Most of hosting is invisible. The visible 4% — the temperature, the welcome, the questions you ask — is what determines whether people leave reset or just sweaty. Strong medicine in a supported container. See how to host →",https://thesaunahost.com/images/pinterest/pin-06.jpg,https://thesaunahost.com/lesson-1?utm_source=pinterest&utm_medium=organic&utm_campaign=launch&utm_content=pin-06,Designed pin about the small details that matter most when hosting a sauna gathering,manual-pre-existing,,
2026-06-15,15:00,1137370149584773421,Capacity builds over time,"We don't chase a feeling — we build a practice, session by session, breath by breath. You're not doing this alone. Try Revivery →",https://thesaunahost.com/images/pinterest/lifestyle-081525-054.jpg,https://thesaunahost.com/?utm_source=pinterest&utm_medium=organic&utm_campaign=launch&utm_content=lifestyle-081525-054,Members in conversation during a Revivery contrast therapy session,2026-06-16T09:08:20 via-chrome,1137370080934777625,
2026-06-17,09:00,1137370149584773412,What happens in the 90 seconds after a cold plunge,"What you do in the 90 seconds after the plunge matters more than the plunge itself. This is where the nervous system integrates. The free Sauna Host course teaches the full ritual — heat, ice, breath, and what comes after. Start the free 5-day course →",https://thesaunahost.com/images/pinterest/pin-08.jpg,https://thesaunahost.com/lesson-1?utm_source=pinterest&utm_medium=organic&utm_campaign=launch&utm_content=pin-08,Designed pin about the 90 seconds following a cold plunge,manual-pre-existing,,
2026-06-16,09:00,1137370149584773420,The space between heat and cold,Where the nervous system resets. Where the conversation starts. Where the practice happens. Discover the practice →,https://thesaunahost.com/images/pinterest/lifestyle-081525-107.jpg,https://thesaunahost.com/?utm_source=pinterest&utm_medium=organic&utm_campaign=launch&utm_content=lifestyle-081525-107,"Group around a cold plunge at Revivery, mid-conversation",2026-06-17T09:07:41-04:00 via-chrome,1137370080934849877,
2026-06-16,15:00,1137370149584773412,"Cold first, then heat — the order that changes the practice","Most people get the order wrong. Cold first, then heat is the sequence that turns recovery into ritual. We walk through the why and how in the free Sauna Host course — five short lessons on hosting contrast therapy with intention. Discover the practice →",https://thesaunahost.com/images/pinterest/pin-14.jpg,https://thesaunahost.com/lesson-1?utm_source=pinterest&utm_medium=organic&utm_campaign=launch&utm_content=pin-14,"Designed pin showing the contrast therapy sequence: cold first, then heat",2026-06-17T15:07:18-04:00 via-chrome,1137370080934870881,
2026-06-17,09:00,1137370149584773421,"Strong medicine, supported",We teach the practice in a container designed to hold it. The leads are trained. The space is intentional. The cold is real. Try Revivery →,https://thesaunahost.com/images/pinterest/lifestyle-081525-118.jpg,https://thesaunahost.com/?utm_source=pinterest&utm_medium=organic&utm_campaign=launch&utm_content=lifestyle-081525-118,Member in stillness at the Revivery cold plunge,2026-06-18T09:09:16-04:00 via-chrome,1137370080934920874,
2026-06-17,15:00,1137370149584773414,Two breath patterns for two temperatures,"Box breathing for the heat — steady the nervous system. 4-7-8 for the cold — engage the parasympathetic. Two patterns, two temperatures, one practice. Capacity builds over time. Start the free 5-day course →",https://thesaunahost.com/images/pinterest/pin-07.jpg,https://thesaunahost.com/lesson-1?utm_source=pinterest&utm_medium=organic&utm_campaign=launch&utm_content=pin-07,Designed pin with two breath patterns labeled for sauna and cold plunge,2026-06-18T15:06:38-04:00 via-chrome,1137370080934942471,
2026-06-18,09:00,1137370149584773420,Breath is the bridge,"Between the heat and the cold, between effort and release, between you and the people you sit with. The free Sauna Host course teaches two breath patterns — one for each temperature. Discover the practice →",https://thesaunahost.com/images/pinterest/lifestyle-081525-082.jpg,https://thesaunahost.com/?utm_source=pinterest&utm_medium=organic&utm_campaign=launch&utm_content=lifestyle-081525-082,Members in stillness during a Revivery sauna session,2026-06-19T09:08:27-04:00 via-chrome,1137370080934992203,
2026-06-18,15:00,1137370149584773421,"Sunday mornings, reimagined as sauna mornings","What if Sundays were sauna mornings? A weekly ritual reset before the week begins — heat, cold, and an hour of being unreachable. The sauna and cold are the capsule. Connection is the medicine. See how to host →",https://thesaunahost.com/images/pinterest/pin-19.jpg,https://thesaunahost.com/?utm_source=pinterest&utm_medium=organic&utm_campaign=launch&utm_content=pin-19,Designed pin about a Sunday morning sauna and cold plunge ritual,2026-06-19T15:09:52-04:00 via-chrome,1137370080935014232,
2026-06-19,09:00,1137370149584773421,Sunday rhythm,"A weekly ritual to land before the week begins. Heat, cold, and an hour of being unreachable. Try Revivery →",https://thesaunahost.com/images/pinterest/lifestyle-260109-015.jpg,https://thesaunahost.com/?utm_source=pinterest&utm_medium=organic&utm_campaign=launch&utm_content=lifestyle-260109-015,Sunday morning sauna session at Revivery,2026-06-20T09:38:05-04:00 via-chrome,1137370080935067799,
2026-06-19,15:00,1137370149584773409,Learn to host a sauna and cold plunge gathering,"The Sauna Host is a free 5-day course on guiding intentional contrast therapy gatherings. Built by the leads who teach this every day at Revivery. This is a practice, not an event. Start the free 5-day course →",https://thesaunahost.com/images/pinterest/pin-01.jpg,https://thesaunahost.com/?utm_source=pinterest&utm_medium=organic&utm_campaign=launch&utm_content=pin-01,Welcome graphic for The Sauna Host free 5-day course,2026-06-22T11:51:43+00:00 via-chrome,1137370080935203581,
2026-06-20,09:00,1137370149584773420,First sessions can be all over the map,There's no right way to feel after your first visit. Big sensations or emotions don't mean anything is wrong. Today is one rep. Try Revivery →,https://thesaunahost.com/images/pinterest/lifestyle-260109-016.jpg,https://thesaunahost.com/?utm_source=pinterest&utm_medium=organic&utm_campaign=launch&utm_content=lifestyle-260109-016,Members entering the Revivery sauna together,2026-06-22T13:08:07+00:00 via-chrome,1137370080935207214,
2026-06-20,15:00,1137370149584773409,A free workbook for hosting your first sauna gathering,"A 24-page companion to the free Sauna Host course. Themes, timings, scripts, music, questions. Everything a thoughtful host needs and nothing they don't. You're not doing this alone. Start the free 5-day course →",https://thesaunahost.com/images/pinterest/pin-10.jpg,https://thesaunahost.com/workbook?utm_source=pinterest&utm_medium=organic&utm_campaign=launch&utm_content=pin-10,Pinterest pin showcasing the free Sauna Host companion workbook,2026-06-22T19:06:59+00:00 via-chrome,1137370080935227650,
2026-06-21,09:00,1137370149584773421,"What we build, together",Members come for the heat and the cold. They stay for the people. Capacity builds over time. Try Revivery →,https://thesaunahost.com/images/pinterest/lifestyle-081525-095.jpg,https://thesaunahost.com/?utm_source=pinterest&utm_medium=organic&utm_campaign=launch&utm_content=lifestyle-081525-095,Group of Revivery members laughing together post-session,2026-06-23T13:08:09+00:00 via-chrome,1137370080935276541,
2026-06-21,15:00,1137370149584773422,"Moms night out, redesigned as a sauna circle","Heat, cold, real conversation, and zero performance. Moms night out as a sauna and cold plunge gathering — 90 minutes of nervous system reset and the kind of laughter that comes back after motherhood. See how to host →",https://thesaunahost.com/images/pinterest/pin-15.jpg,https://thesaunahost.com/?utm_source=pinterest&utm_medium=organic&utm_campaign=launch&utm_content=pin-15,Designed pin for hosting a moms night out as a sauna gathering,2026-06-23T19:07:38+00:00 via-chrome,1137370080935295809,
2026-06-22,09:00,1137370149584773420,"Moms, 90 minutes of you","Heat, cold, real conversation, and zero performance. The kind of laughter that comes back after motherhood. See how to host →",https://thesaunahost.com/images/pinterest/lifestyle-081525-058.jpg,https://thesaunahost.com/?utm_source=pinterest&utm_medium=organic&utm_campaign=launch&utm_content=lifestyle-081525-058,Mothers in conversation in a Revivery sauna,2026-06-24T09:07:36-04:00 via-chrome,1137370080935345043,
2026-06-22,15:00,1137370149584773420,Sometimes the most important part of motherhood is rest,"Heat, cold, silence — a ritual to come back to your own nervous system. The sauna and cold are the capsule. Connection is the medicine. The free Sauna Host course teaches the practice. Discover the practice →",https://thesaunahost.com/images/pinterest/pin-17.jpg,https://thesaunahost.com/?utm_source=pinterest&utm_medium=organic&utm_campaign=launch&utm_content=pin-17,Designed pin about a mother resting in a sauna after a stressful year,2026-06-24T19:06:06+00:00 via-chrome,1137370080935364787,
2026-06-23,09:00,1137370149584773421,Move a little slower today,Your system did real work today. Hydrate well. Move a little slower. Whatever came up is normal. Try Revivery →,https://thesaunahost.com/images/pinterest/lifestyle-260109-064.jpg,https://thesaunahost.com/?utm_source=pinterest&utm_medium=organic&utm_campaign=launch&utm_content=lifestyle-260109-064,Member in quiet rest after a Revivery sauna session,2026-06-25T09:11:16-04:00 via-chrome,1137370080935417978,
2026-06-23,15:00,1137370149584773422,"A women's gathering over 40, in the sauna",Conversation deepens after 40. So does heat tolerance. A women's circle built around contrast therapy is a gathering most women didn't know they needed. Capacity builds over time. See how to host →,https://thesaunahost.com/images/pinterest/pin-05.jpg,https://thesaunahost.com/?utm_source=pinterest&utm_medium=organic&utm_campaign=launch&utm_content=pin-05,Designed pin for hosting a women's wellness gathering over 40,2026-06-25T15:07:16-04:00 via-chrome,1137370080935441596,
2026-06-24,09:00,1137370149584773420,Conversation deepens after 40,And so does heat tolerance. A women's circle built around contrast therapy is a gathering most women didn't know they needed. See how to host →,https://thesaunahost.com/images/pinterest/lifestyle-081525-056.jpg,https://thesaunahost.com/?utm_source=pinterest&utm_medium=organic&utm_campaign=launch&utm_content=lifestyle-081525-056,Women in conversation in a Revivery sauna session,2026-06-26T09:07:35-04:00 via-chrome,1137370080935492799,
2026-06-24,15:00,1137370149584767492,"The new girls night, designed around heat and cold",Forget the wine. The new girls night is a sauna and cold plunge gathering with real conversation in between. We've pulled the format from the free Sauna Host course — five lessons on hosting it well. Start the free 5-day course →,https://thesaunahost.com/images/pinterest/pin-02.jpg,https://thesaunahost.com/?utm_source=pinterest&utm_medium=organic&utm_campaign=launch&utm_content=pin-02,Designed pin reimagining girls night as a sauna and cold plunge gathering,2026-06-26T15:07:33-04:00 via-chrome,1137370080935514894,
2026-06-25,09:00,1137370149584773421,The new girls night,"Heat, cold, real conversation, and zero pretense. Forget the wine. Try Revivery →",https://thesaunahost.com/images/pinterest/lifestyle-081525-061.jpg,https://thesaunahost.com/?utm_source=pinterest&utm_medium=organic&utm_campaign=launch&utm_content=lifestyle-081525-061,Group of women laughing in a Revivery sauna,2026-06-27T09:08:37-04:00 via-chrome,1137370080935569046,
2026-06-25,15:00,1137370149584767492,Skip brunch — host a Mother's Day sauna circle,"A Mother's Day gathering with heat, cold, real conversation, and the kind of slowness most mothers haven't felt in years. We teach the format in the free 5-day Sauna Host course. See how to host →",https://thesaunahost.com/images/pinterest/pin-11.jpg,https://thesaunahost.com/?utm_source=pinterest&utm_medium=organic&utm_campaign=launch&utm_content=pin-11,Designed pin for hosting a Mother's Day sauna gathering,2026-06-27T15:06:39-04:00 via-chrome,1137370080935593382,
2026-06-26,09:00,1137370149584773420,For the mothers,"Skip brunch. A Mother's Day gathering with heat, cold, and the kind of slowness most mothers haven't felt in years. See how to host →",https://thesaunahost.com/images/pinterest/lifestyle-260109-068.jpg,https://thesaunahost.com/?utm_source=pinterest&utm_medium=organic&utm_campaign=launch&utm_content=lifestyle-260109-068,Mother at Revivery in quiet reflection,2026-06-28T09:06:56-04:00 via-chrome,1137370080935642149,
2026-06-26,15:00,1137370149584767492,Date night as a sauna and cold plunge ritual,Date night in the sauna isn't about the heat — it's about the conversations that emerge when phones are gone. A contrast therapy date is the un-dinner-and-a-movie. Discover the practice →,https://thesaunahost.com/images/pinterest/pin-16.jpg,https://thesaunahost.com/?utm_source=pinterest&utm_medium=organic&utm_campaign=launch&utm_content=pin-16,Designed pin about date night reimagined in a sauna and cold plunge,2026-06-28T15:06:22-04:00 via-chrome,1137370080935663497,
2026-06-27,09:00,1137370149584773421,"Date night, redesigned","Phones gone. Heat, cold, and the kind of conversation that emerges in between. Try Revivery →",https://thesaunahost.com/images/pinterest/lifestyle-081525-068.jpg,https://thesaunahost.com/?utm_source=pinterest&utm_medium=organic&utm_campaign=launch&utm_content=lifestyle-081525-068,Couple in conversation at Revivery,2026-06-29T09:07:22-04:00 via-chrome,1137370080935716373,
2026-06-27,15:00,1137370149584767492,"The bachelorette party, reinvented around contrast therapy","Bachelorette parties don't have to mean a hangover. Heat, cold, and ritual — the kind of weekend the bride remembers for her nervous system, not her tab. We teach the format in the free Sauna Host course. See how to host →",https://thesaunahost.com/images/pinterest/pin-12.jpg,https://thesaunahost.com/?utm_source=pinterest&utm_medium=organic&utm_campaign=launch&utm_content=pin-12,Designed pin reinventing the bachelorette party as a sauna gathering,2026-06-29T19:06:48+00:00 via-chrome,1137370080935739213,
2026-06-28,09:00,1137370149584773420,Between the sauna and the plunge,"Where the practice happens — in the rinse, in the breath, in the laughter that comes between the heat and the cold. Try Revivery →",https://thesaunahost.com/images/pinterest/lifestyle-081525-062.jpg,https://thesaunahost.com/?utm_source=pinterest&utm_medium=organic&utm_campaign=launch&utm_content=lifestyle-081525-062,Group of members at the rinse station between contrast therapy rounds,2026-06-30T13:08:43+00:00 via-chrome,1137370080935795122,
2026-06-28,15:00,1137370149584767492,Men gather better in the sauna than at the bar,"No phones, no agenda — just heat, ice, and the kind of conversation that doesn't happen anywhere else. A men's gathering as a contrast therapy circle. Strong medicine in a supported container. See how to host →",https://thesaunahost.com/images/pinterest/pin-04.jpg,https://thesaunahost.com/?utm_source=pinterest&utm_medium=organic&utm_campaign=launch&utm_content=pin-04,Designed pin for hosting a men's gathering as a sauna circle,2026-06-30T15:06:54-04:00 via-chrome,1137370080935819922,
2026-06-29,09:00,1137370149584773421,"No phones, no agenda","Just heat, ice, and the kind of conversation that doesn't happen anywhere else. Strong medicine in a supported container. Try Revivery →",https://thesaunahost.com/images/pinterest/lifestyle-081525-105.jpg,https://thesaunahost.com/?utm_source=pinterest&utm_medium=organic&utm_campaign=launch&utm_content=lifestyle-081525-105,Men's gathering around the Revivery cold plunge,2026-06-30T20:09:50-04:00 via-chrome,1137370080935836073,
2026-06-29,15:00,1137370149584767492,"Book club, reimagined with a 90-second cold plunge","What if your book club had a cold plunge between chapters? Heat opens conversation. Cold sharpens it. A new format for book club — warmer, slower, deeper. See how to host →",https://thesaunahost.com/images/pinterest/pin-03.jpg,https://thesaunahost.com/?utm_source=pinterest&utm_medium=organic&utm_campaign=launch&utm_content=pin-03,Designed pin about hosting a book club around a sauna and cold plunge,2026-07-01T11:04:05,1137370080935866166,
2026-06-30,09:00,1137370149584773420,"Slower, deeper, warmer",A book club in the sauna is a different conversation. Heat opens it. Cold sharpens it. See how to host →,https://thesaunahost.com/images/pinterest/lifestyle-081525-108.jpg,https://thesaunahost.com/?utm_source=pinterest&utm_medium=organic&utm_campaign=launch&utm_content=lifestyle-081525-108,"Small group in the sauna, mid-conversation",2026-07-01T13:03:50,1137370080935872212,
2026-06-30,15:00,1137370149584773424,The right playlist makes a sauna gathering,Slow enough for the heat. Punctuated for the cold. Quiet enough that the conversation can carry. The Sauna Host workbook includes ours. Discover the practice →,https://thesaunahost.com/images/pinterest/pin-18.jpg,https://thesaunahost.com/workbook?utm_source=pinterest&utm_medium=organic&utm_campaign=launch&utm_content=pin-18,Designed pin about the right playlist for hosting a sauna gathering,2026-07-01T19:03:51,1137370080935893634,
2026-07-01,09:00,1137370149584773421,The right music makes the room,Slow enough for the heat. Punctuated for the cold. Quiet enough for the conversation. Discover the practice →,https://thesaunahost.com/images/pinterest/lifestyle-260109-065.jpg,https://thesaunahost.com/?utm_source=pinterest&utm_medium=organic&utm_campaign=launch&utm_content=lifestyle-260109-065,Members in a Revivery sauna with the practice in full flow,2026-07-02T00:03:47,1137370080935910128,
2026-07-01,15:00,1137370149584773424,A ritual reset for any new chapter,"The reset most people save for January is available every season. A sauna and cold plunge ritual to mark a new chapter — birthday, milestone, intention. We teach the practice in the free Sauna Host course. Start the free 5-day course →",https://thesaunahost.com/images/pinterest/pin-13.jpg,https://thesaunahost.com/?utm_source=pinterest&utm_medium=organic&utm_campaign=launch&utm_content=pin-13,Designed pin about marking a new chapter with a sauna and cold plunge ritual,2026-07-02T09:04:32,1137370080935945934,
2026-07-02,09:00,1137370149584773420,A ritual to mark the moment,"Birthday, milestone, intention — the reset most people save for January is available every season. See how to host →",https://thesaunahost.com/images/pinterest/lifestyle-260109-067.jpg,https://thesaunahost.com/?utm_source=pinterest&utm_medium=organic&utm_campaign=launch&utm_content=lifestyle-260109-067,Members in ritual moment at Revivery,2026-07-02T15:04:37,1137370080935968422,
2026-07-02,15:00,1137370149584773409,Who teaches this — meet the Revivery leads,"There are people trained to host this experience. They're called Revivery leads — REV-1 certified, trauma-informed, and steady in the heat and the cold. The Sauna Host is the free consumer course. The instructor program is what built it. Discover the practice →",https://thesaunahost.com/images/pinterest/pin-20.jpg,https://thesaunahost.com/?utm_source=pinterest&utm_medium=organic&utm_campaign=launch&utm_content=pin-20,Designed pin about Revivery leads who teach the contrast therapy practice,2026-07-06T09:20:21,1137370080936246575,
2026-07-03,09:00,1137370149584773421,The leads who hold the room,"Trained, REV-1 certified, steady in the heat and the cold. The free Sauna Host course is taught by the people who lead it every day. Discover the practice →",https://thesaunahost.com/images/pinterest/lifestyle-081525-124.jpg,https://thesaunahost.com/?utm_source=pinterest&utm_medium=organic&utm_campaign=launch&utm_content=lifestyle-081525-124,Revivery lead facilitating a contrast therapy session,2026-07-06T15:04:00,1137370080936267986,
2026-07-04,09:00,1137370149584773421,What's the one ritual that actually keeps you balanced?,"The ritual that keeps you balanced isn't a product, it's a practice. Heat, cold, breath, and the people you share it with. Capacity builds over time. Start the free 5-day course →",https://thesaunahost.com/images/pinterest/lifestyle-260109-064.jpg,https://thesaunahost.com/lesson-1?utm_source=pinterest&utm_medium=organic&utm_campaign=hooks&utm_content=q-daily-ritual,A small group settling in together after a contrast therapy session at Revivery,2026-07-06T20:04:01,1137370080936286110,
2026-07-04,15:00,1137370149584773424,5 things every great sauna host does in the first 90 seconds,Hosting a sauna gathering comes down to a few small moves. Here are five things a great host does in the first 90 seconds to set safety and warmth. See how to host →,https://thesaunahost.com/images/pinterest/pin-11.jpg,https://thesaunahost.com/lesson-1?utm_source=pinterest&utm_medium=organic&utm_campaign=hooks&utm_content=list-5-host-moves,Designed pin listing what a sauna host does to welcome guests,2026-07-07T09:04:07,1137370080936322667,
2026-07-04,20:00,1137370149584773422,The women's circle you've been meaning to host,"A women's circle, redesigned around heat, cold, and real conversation. Four to six women, intentional questions, the gathering you wish existed. See how to host →",https://thesaunahost.com/images/pinterest/lifestyle-081525-056.jpg,https://thesaunahost.com/lesson-5?utm_source=pinterest&utm_medium=organic&utm_campaign=hooks&utm_content=theme-womens-circle,A group of women in a warmly lit sauna circle at Revivery,2026-07-07T15:04:13,1137370080936346054,
2026-07-05,09:00,1137370149584773420,People who clawed out of a dark place: what actually helped?,"For a lot of people, the answer is connection. Not a hack, a practice you do with others. The sauna and cold are the capsule, connection is the medicine. Discover the practice →",https://thesaunahost.com/images/pinterest/lifestyle-081525-095.jpg,https://thesaunahost.com/lesson-1?utm_source=pinterest&utm_medium=organic&utm_campaign=hooks&utm_content=q-dark-place,Members in quiet conversation during a Revivery session,2026-07-07T20:04:28,1137370080936362951,
2026-07-05,15:00,1137370149584773424,The 4-sentence arrival script that sets the tone in 90 seconds,Most hosts skip the welcome. This four-sentence arrival script sets emotional safety before anyone steps into the heat. Strong medicine in a supported container. See how to host →,https://thesaunahost.com/images/pinterest/pin-12.jpg,https://thesaunahost.com/lesson-2?utm_source=pinterest&utm_medium=organic&utm_campaign=hooks&utm_content=list-arrival-script,Designed pin about welcoming guests to a sauna gathering,2026-07-08T09:03:54,1137370080936398617,
2026-07-05,20:00,1137370149584773420,Men gather better in the sauna than at the bar,"A men's gathering with depth and no workshop energy. Four to six men, honesty without the therapist in the room, the thing men's retreats gesture at but rarely deliver. See how to host →",https://thesaunahost.com/images/pinterest/lifestyle-081525-068.jpg,https://thesaunahost.com/lesson-5?utm_source=pinterest&utm_medium=organic&utm_campaign=hooks&utm_content=theme-mens-gathering,Men gathered around a cold plunge at Revivery,2026-07-08T16:12:08,1137370080936425212,
2026-07-06,09:00,1137370149584773421,What's something you wish someone had told you 5 years ago?,"For many of us, it's this: connection is a practice, not an accident. You build it session by session, with people, on purpose. You're not doing this alone. Start the free 5-day course →",https://thesaunahost.com/images/pinterest/lifestyle-260109-065.jpg,https://thesaunahost.com/?utm_source=pinterest&utm_medium=organic&utm_campaign=hooks&utm_content=q-wish-you-knew,Friends laughing together in a Revivery sauna,2026-07-08T20:17:55,1137370080936438831,
2026-07-06,15:00,1137370149584773412,The 3 moves in the 60 seconds after a cold plunge,What you do in the 60 seconds after the plunge matters more than the plunge itself. Three simple moves that help the nervous system integrate. Start the free 5-day course →,https://thesaunahost.com/images/pinterest/pin-15.jpg,https://thesaunahost.com/lesson-4?utm_source=pinterest&utm_medium=organic&utm_campaign=hooks&utm_content=list-3-plunge-moves,Designed pin about the moments after a cold plunge,2026-07-09T09:04:30,1137370080936475990,
2026-07-06,20:00,1137370149584773422,"A birthday, reimagined as a sauna circle","Mark a milestone in a way people remember. A birthday, a bachelorette, or a big transition, held in heat, cold, and real conversation. See how to host →",https://thesaunahost.com/images/pinterest/lifestyle-081525-061.jpg,https://thesaunahost.com/lesson-5?utm_source=pinterest&utm_medium=organic&utm_campaign=hooks&utm_content=theme-milestone,A celebratory moment among friends at Revivery,2026-07-09T15:04:28,1137370080936498292,
2026-07-07,09:00,1137370149584773420,"Why do we feel so disconnected, even around people?","Connection isn't proximity, it's a container someone builds on purpose. That's what a guided sauna gathering creates. The sauna and cold are the capsule, connection is the medicine. Discover the practice →",https://thesaunahost.com/images/pinterest/lifestyle-081525-082.jpg,https://thesaunahost.com/lesson-1?utm_source=pinterest&utm_medium=organic&utm_campaign=hooks&utm_content=q-disconnected,A group connecting after a contrast therapy session,2026-07-09T20:04:24,1137370080936514898,
2026-07-07,15:00,1137370149584773409,"5 gatherings, one method, zero awkwardness","One method, five ways to use it: women's circle, men's gathering, milestone, book club, or couples night. Pick your theme and host. This is a practice, not an event. Start the free 5-day course →",https://thesaunahost.com/images/pinterest/pin-16.jpg,https://thesaunahost.com/?utm_source=pinterest&utm_medium=organic&utm_campaign=hooks&utm_content=list-5-gatherings,Designed pin showing five sauna gathering themes,2026-07-10T09:04:25,1137370080936552433,
2026-07-07,20:00,1137370149584773416,"Book club, reimagined with a 90-second cold plunge","The gathering where contrast therapy gets the conversation past plot summary. Four to six people, one book, and a practice that opens people up. See how to host →",https://thesaunahost.com/images/pinterest/lifestyle-260109-068.jpg,https://thesaunahost.com/lesson-5?utm_source=pinterest&utm_medium=organic&utm_campaign=hooks&utm_content=theme-book-club,A small group in conversation at Revivery,2026-07-10T15:03:51,1137370080936574604,
2026-07-08,09:00,1137370149584773420,How do you actually make friends as an adult?,You stop waiting for it to happen and you host. A guided sauna gathering gives people a reason and a container to connect. You're not doing this alone. Start the free 5-day course →,https://thesaunahost.com/images/pinterest/lifestyle-081525-118.jpg,https://thesaunahost.com/?utm_source=pinterest&utm_medium=organic&utm_campaign=hooks&utm_content=q-adult-friends,Members gathered in warm conversation at Revivery,2026-07-10T20:03:46,1137370080936590152,
2026-07-08,15:00,1137370149584773416,10 questions that turn a sauna night into a real gathering,"The questions you ask are what turn a sauna night into a gathering people remember. Ten prompts from the Sauna Host workbook, built for the heat, the cold, and the quiet between. Start the free 5-day course →",https://thesaunahost.com/images/pinterest/pin-10.jpg,https://thesaunahost.com/workbook?utm_source=pinterest&utm_medium=organic&utm_campaign=hooks&utm_content=list-10-questions,Designed pin listing reflective questions for a sauna gathering,2026-07-11T09:04:26,1137370080936628458,
2026-07-08,20:00,1137370149584773421,"Date night, reimagined around heat and cold","A couples night that rebuilds presence. Two or three couples, contrast therapy as the conversation starter most relationships have been missing. See how to host →",https://thesaunahost.com/images/pinterest/lifestyle-081525-124.jpg,https://thesaunahost.com/lesson-5?utm_source=pinterest&utm_medium=organic&utm_campaign=hooks&utm_content=theme-couples,A couple moving between sauna and cold plunge at Revivery,2026-07-11T15:04:26,1137370080936650685,
2026-07-09,09:00,1137370149584767492,The hangout that doesn't revolve around drinking,"A gathering built on heat, cold, and conversation instead of a bar tab. The sober-social night your friends will actually remember. Start the free 5-day course →",https://thesaunahost.com/images/pinterest/lifestyle-260109-066.jpg,https://thesaunahost.com/?utm_source=pinterest&utm_medium=organic&utm_campaign=hooks&utm_content=q-sober-social,Friends laughing together in a Revivery sauna,2026-07-11T20:08:46,1137370080936669106,
2026-07-09,15:00,1137370149584773414,2 breath patterns every host can lead,"You don't need to be a breathwork teacher to guide the room. Two simple patterns, one for the heat and one for the cold, that any host can lead. Start the free 5-day course →",https://thesaunahost.com/images/pinterest/pin-17.jpg,https://thesaunahost.com/lesson-3?utm_source=pinterest&utm_medium=organic&utm_campaign=hooks&utm_content=list-2-breath,Designed pin about two breathwork patterns for hosting,2026-07-12T09:04:15,1137370080936704244,
2026-07-09,20:00,1137370149584767492,"The new girls' night, designed around heat and cold","Trade the noisy restaurant for a sauna circle. Four to six women, real conversation, and a practice that leaves everyone reset instead of drained. See how to host →",https://thesaunahost.com/images/pinterest/lifestyle-081525-058.jpg,https://thesaunahost.com/lesson-5?utm_source=pinterest&utm_medium=organic&utm_campaign=hooks&utm_content=theme-girls-night,A group of women relaxing together at Revivery,2026-07-12T15:01:27,1137370080936725479,
2026-07-10,09:00,1137370149584773412,What happens in the 90 seconds after the plunge?,"This is where the nervous system integrates, and most people miss it. The free Sauna Host course teaches the full ritual: heat, ice, breath, and what comes after. Start the free 5-day course →",https://thesaunahost.com/images/pinterest/lifestyle-081525-105.jpg,https://thesaunahost.com/lesson-4?utm_source=pinterest&utm_medium=organic&utm_campaign=hooks&utm_content=q-after-plunge,"A group around a cold plunge at Revivery, mid-conversation",2026-07-12T20:01:50,1137370080936742786,
2026-07-10,15:00,1137370149584773420,Connection is the medicine,"The sauna and the cold are the capsule. What happens between people inside it is the practice. This is a practice, not an event. Start the free 5-day course →",https://thesaunahost.com/images/pinterest/lifestyle-081525-062.jpg,https://thesaunahost.com/?utm_source=pinterest&utm_medium=organic&utm_campaign=hooks&utm_content=connection-medicine,Members laughing together in a warmly lit Revivery sauna,2026-07-13T09:04:10,1137370080936777168,
2026-07-10,20:00,1137370149584773424,What actually makes a gathering memorable?,"It's not the food or the playlist, it's the container you build. The welcome, the questions, and the quiet between. Learn the small details that matter most. See how to host →",https://thesaunahost.com/images/pinterest/pin-18.jpg,https://thesaunahost.com/lesson-1?utm_source=pinterest&utm_medium=organic&utm_campaign=hooks&utm_content=q-memorable,Designed pin about what makes a gathering memorable,2026-07-13T15:04:19,1137370080936799273,
2026-07-11,09:00,1137370149584767492,Things to do with friends that aren't dinner and drinks,"Host a sauna and cold plunge circle instead. Heat, cold, and real conversation, the gathering people leave feeling reset. Start the free 5-day course →",https://thesaunahost.com/images/pinterest/lifestyle-260109-015.jpg,https://thesaunahost.com/?utm_source=pinterest&utm_medium=organic&utm_campaign=hooks&utm_content=q-things-to-do,Friends gathered together after a Revivery session,2026-07-13T20:04:13,1137370080936813894,
2026-07-11,15:00,1137370149584773421,"This is a practice, not an event","We don't chase a feeling, we build a practice, session by session and breath by breath. That's what makes a sauna gathering land. Capacity builds over time. Discover the practice →",https://thesaunahost.com/images/pinterest/lifestyle-260109-016.jpg,https://thesaunahost.com/lesson-1?utm_source=pinterest&utm_medium=organic&utm_campaign=hooks&utm_content=practice-not-event,Members in a calm moment during a Revivery session,2026-07-14T09:04:41,1137370080936849123,
2026-07-11,20:00,1137370149584773422,The self-care gift a new mom will actually use,"Not a candle. A sauna and cold plunge circle she can host or join, built around rest, connection, and a real reset. Discover the practice →",https://thesaunahost.com/images/pinterest/pin-19.jpg,https://thesaunahost.com/?utm_source=pinterest&utm_medium=organic&utm_campaign=hooks&utm_content=q-selfcare-gift,Designed pin about self-care through contrast therapy,2026-07-14T15:03:51,1137370080936871499,
2026-07-12,09:00,1137370149584767492,How to host a sauna circle in 4 steps,"How to host a sauna circle: the simple ritual we teach in the free Sauna Host course. Set the room, open with the arrival script, lead one breath together, and close with one real question. Start the free 5-day course →",https://thesaunahost.com/images/pinterest/carousels/host-01-cover.jpg,https://thesaunahost.com/?utm_source=pinterest&utm_medium=organic&utm_campaign=carousel&utm_content=how-to-host,"How to host a sauna circle in four steps, a Sauna Host carousel",2026-08-04T09:04:45,1137370080938483355,https://thesaunahost.com/images/pinterest/carousels/host-02.jpg;https://thesaunahost.com/images/pinterest/carousels/host-03.jpg;https://thesaunahost.com/images/pinterest/carousels/host-04.jpg;https://thesaunahost.com/images/pinterest/carousels/host-05.jpg
2026-07-13,09:00,1137370149584773416,Why we feel alone even around people,"Why do we feel alone even around people? Connection isn't proximity, it's a container someone builds on purpose. That's what a guided sauna and cold plunge circle creates. Start the free 5-day course →",https://thesaunahost.com/images/pinterest/fresh-q1.jpg,https://thesaunahost.com/lesson-1?utm_source=pinterest&utm_medium=organic&utm_campaign=fresh&utm_content=fresh-q1,A group connecting after a contrast therapy session at Revivery,2026-08-04T15:03:47,1137370080938506241,
2026-07-13,15:00,1137370149584773424,What makes a sauna gathering memorable,"What makes a gathering memorable? Not the food or the playlist, the welcome and the questions and the quiet between. Learn to host a sauna gathering people remember. See how to host →",https://thesaunahost.com/images/pinterest/fresh-q2.jpg,https://thesaunahost.com/lesson-1?utm_source=pinterest&utm_medium=organic&utm_campaign=fresh&utm_content=fresh-q2,Designed pin about what makes a gathering memorable,2026-08-04T20:16:56,1137370080938526162,
2026-07-13,20:00,1137370149584773422,The girls night reimagined as a sauna circle,"The girls' night you've been meaning to host, reimagined as a sauna circle. Real conversation, and everyone leaves reset instead of drained. See how to host →",https://thesaunahost.com/images/pinterest/fresh-q3.jpg,https://thesaunahost.com/lesson-5?utm_source=pinterest&utm_medium=organic&utm_campaign=fresh&utm_content=fresh-q3,A group of women relaxing together at Revivery,2026-08-05T09:03:48,1137370080938564236,
2026-07-14,09:00,1137370149584773409,How to open a sauna circle in 4 moves,How to open a sauna circle: 4 simple moves that set safety and warmth in the first 90 seconds. From the free Sauna Host course. See how to host →,https://thesaunahost.com/images/pinterest/fresh-l1.jpg,https://thesaunahost.com/lesson-2?utm_source=pinterest&utm_medium=organic&utm_campaign=fresh&utm_content=fresh-l1,Designed pin listing four ways to open a sauna gathering,2026-08-05T15:20:35,1137370080938589531,
2026-07-14,15:00,1137370149584773412,The 3 moves after a cold plunge,"The 3 moves in the 60 seconds after a cold plunge, where the nervous system integrates. The free Sauna Host course teaches the full contrast therapy ritual. Start the free 5-day course →",https://thesaunahost.com/images/pinterest/fresh-l2.jpg,https://thesaunahost.com/lesson-4?utm_source=pinterest&utm_medium=organic&utm_campaign=fresh&utm_content=fresh-l2,Designed pin about the moments after a cold plunge,2026-08-05T20:21:50,1137370080938609158,
2026-07-14,20:00,1137370149584767492,"5 sauna gatherings, one method","5 gatherings, one method: women's circle, men's gathering, milestone, book club, or couples night. Pick your theme and host a sauna and cold plunge circle. Start the free 5-day course →",https://thesaunahost.com/images/pinterest/fresh-l3.jpg,https://thesaunahost.com/?utm_source=pinterest&utm_medium=organic&utm_campaign=fresh&utm_content=fresh-l3,Designed pin showing five sauna gathering themes,2026-08-06T09:04:46,1137370080938647837,
2026-07-15,09:00,1137370149584773420,Sauna and cold plunge aesthetic,"Sauna and cold plunge aesthetic. The container is the capsule, connection is the medicine. Learn to host a guided gathering. Discover the practice →",https://thesaunahost.com/images/pinterest/fresh-p1.jpg,https://thesaunahost.com/?utm_source=pinterest&utm_medium=organic&utm_campaign=fresh&utm_content=fresh-p1,A warmly lit wood sauna interior at Revivery,2026-08-06T15:04:26,1137370080938670813,
2026-07-15,15:00,1137370149584773421,A contrast therapy practice worth building,"A contrast therapy practice worth building. Heat, cold, breath, and the people you share it with. This is a practice, not an event. Discover the practice →",https://thesaunahost.com/images/pinterest/fresh-p2.jpg,https://thesaunahost.com/lesson-1?utm_source=pinterest&utm_medium=organic&utm_campaign=fresh&utm_content=fresh-p2,A member in a warm sauna at Revivery,2026-08-06T20:04:29,1137370080938691309,
2026-07-15,20:00,1137370149584773414,Contrast therapy done together,"Contrast therapy, done together. The space between heat and cold is where the nervous system resets. Learn to host it. See how to host →",https://thesaunahost.com/images/pinterest/fresh-p3.jpg,https://thesaunahost.com/lesson-1?utm_source=pinterest&utm_medium=organic&utm_campaign=fresh&utm_content=fresh-p3,A member during a contrast therapy session at Revivery,2026-08-07T09:03:46,1137370080938728199,
2026-07-16,09:00,1137370149584773420,Sauna and cold plunge ritual,"Sauna and cold plunge ritual. Heat, ice, repeat, and the quiet in between. Learn the practice at the free Sauna Host course. Discover the practice →",https://thesaunahost.com/images/pinterest/fresh-p4.jpg,https://thesaunahost.com/?utm_source=pinterest&utm_medium=organic&utm_campaign=fresh&utm_content=fresh-p4,Ice on hot sauna stones at Revivery,2026-08-08T10:42:41,1137370080938813877,
2026-08-19,19:00,1137370149584773416,The new happy hour is a group sauna,"Group sauna is the new happy hour. Same friends, better conversation, and a morning after you'll actually enjoy. The Sauna Host is a free 5-day mini course that teaches you to host a sauna and cold plunge gathering people keep coming back to. Start the free 5-day course →",images/b3-01.jpg,https://thesaunahost.com/?utm_source=pinterest&utm_medium=organic&utm_campaign=b3&utm_content=b3-01,Four friends sitting together on a cedar sauna bench at Revivery,2026-08-19T20:57:19,1137370080939729242,
2026-08-21,15:00,1137370149584773422,Girls night reimagined as a sauna circle,"Girls night ideas that aren't dinner and drinks: host a sauna circle. Heat, cold, a playlist, and the kind of talk that only happens when phones are in the locker. The Sauna Host free course shows you exactly how. See how to host →",images/b3-02.jpg,https://thesaunahost.com/?utm_source=pinterest&utm_medium=organic&utm_campaign=b3&utm_content=b3-02#themes,Two women laughing together beside a cold plunge,2026-08-21T15:20:06,1137370080939882017,
2026-08-21,20:00,1137370149584773416,The hangout that doesn't revolve around drinking,"Sober social ideas: host a sauna and cold plunge gathering instead of another night at the bar. The sauna and cold are the capsule, connection is the medicine. Learn to host it in the free 5-day Sauna Host course. Discover the practice →",images/b3-03.jpg,https://thesaunahost.com/?utm_source=pinterest&utm_medium=organic&utm_campaign=b3&utm_content=b3-03,Three friends laughing in a cold plunge pool at Revivery,2026-08-21T20:16:29,1137370080939900216,
2026-08-22,09:00,1137370149584773414,"Heat, ice, repeat: the contrast therapy practice","Contrast therapy explained simply: heat, ice, repeat, and the quiet in between. This is a practice, not an event, and it's better with people. Lesson 1 of the free Sauna Host course walks you through the first round. Start the free 5-day course →",images/b3-04.jpg,https://thesaunahost.com/lesson-1?utm_source=pinterest&utm_medium=organic&utm_campaign=b3&utm_content=b3-04,Ice melting on hot sauna stones,2026-08-24T10:07:04,1137370080940108357,
2026-08-22,15:00,1137370149584773421,A Sunday sauna ritual for the quiet hour,"Sunday reset ritual: one hour of heat and cold that sets the tone for the whole week. Capacity builds over time, and it builds faster with company. The Sauna Host is a free 5-day course on hosting that hour for the people you love. Discover the practice →",images/b3-05.jpg,https://thesaunahost.com/?utm_source=pinterest&utm_medium=organic&utm_campaign=b3&utm_content=b3-05,A woman resting with eyes closed in a cedar sauna,2026-08-24T15:04:34,1137370080940129918,
2026-08-22,20:00,1137370149584767492,A men's gathering that starts on the sauna bench,"Men's gathering ideas beyond the bar: a sauna and cold plunge night. The bench is where the real talk happens, and the cold is where the bravado drops. Host it yourself with the free 5-day Sauna Host course. See how to host →",images/b3-06.jpg,https://thesaunahost.com/?utm_source=pinterest&utm_medium=organic&utm_campaign=b3&utm_content=b3-06#themes,A group of men sitting together in a sauna at Revivery,2026-08-24T20:04:35,1137370080940149025,
2026-08-23,09:00,1137370149584767492,Date night ideas: a couples sauna and cold plunge,"Date night ideas that leave you both lighter: heat, ice, and each other. No screens, no menu, just a shared practice. The Sauna Host free course covers how to host a couples night, step by step. Start the free 5-day course →",images/b3-07.jpg,https://thesaunahost.com/?utm_source=pinterest&utm_medium=organic&utm_campaign=b3&utm_content=b3-07#themes,A couple sitting side by side with eyes closed in a sauna,2026-08-25T09:04:34,1137370080940191717,
2026-08-23,15:00,1137370149584773412,What happens in the 90 seconds after a cold plunge,Cold plunge tips: the 90 seconds after you get out matter more than the time in the water. Lesson 1 of the free Sauna Host course teaches the breath and the landing so every guest feels safe. Discover the practice →,images/b3-08.jpg,https://thesaunahost.com/lesson-1?utm_source=pinterest&utm_medium=organic&utm_campaign=b3&utm_content=b3-08,"A person surfacing from a cold plunge, water splashing",2026-08-25T15:04:38,1137370080940217560,
2026-08-23,20:00,1137370149584773424,"Mindful hosting: host the room, don't perform for it","Mindful hosting starts with one shift: you're not performing, you're holding the room. Light, heat, music, and permission do most of the work. The free 5-day Sauna Host course shows you how. See how to host →",images/b3-09.jpg,https://thesaunahost.com/?utm_source=pinterest&utm_medium=organic&utm_campaign=b3&utm_content=b3-09,"A woman laughing, seated cross-legged on a sauna bench",2026-08-27T10:23:34,1137370080940365529,
2026-08-24,09:00,1137370149584767492,Milestone celebration ideas: a sauna and cold plunge ritual,"Birthday ritual, new chapter, big decision. Mark the moment with heat and cold and the people who matter. A milestone gathering is one of five themes in the free Sauna Host course. Start the free 5-day course →",images/b3-10.jpg,https://thesaunahost.com/?utm_source=pinterest&utm_medium=organic&utm_campaign=b3&utm_content=b3-10#themes,Friends talking together in a sauna at Revivery,2026-08-27T15:04:35,1137370080940384851,
2026-08-24,15:00,1137370149584773416,Book club ideas: host the sauna edition,"Book club ideas that actually get people talking: move it to the sauna. Heat loosens the conversation, the cold sharpens it. Hosting a book club circle is covered in the free 5-day Sauna Host course. See how to host →",images/b3-11.jpg,https://thesaunahost.com/?utm_source=pinterest&utm_medium=organic&utm_campaign=b3&utm_content=b3-11#themes,A woman smiling mid-conversation on a sauna bench,2026-08-27T20:04:35,1137370080940402222,
2026-08-24,20:00,1137370149584773412,"Cold plunge breathing: breathe first, then the cold","Cold plunge breathing made simple: two patterns, one before you step in and one once you're under. Teach them to your guests and the whole room relaxes. Lesson 1 of the free Sauna Host course. Discover the practice →",images/b3-12.jpg,https://thesaunahost.com/lesson-1?utm_source=pinterest&utm_medium=organic&utm_campaign=b3&utm_content=b3-12,Looking down into the cold plunge as a member submerges,2026-08-28T11:04:20,1137370080940448091,
2026-08-25,09:00,1137370149584773422,Moms night out ideas: a sauna and cold plunge gathering,"Moms night out ideas that feel like rest, not another errand: host a sauna circle. An hour of heat, cold, and real conversation. The free 5-day Sauna Host course shows you how to host it well. Start the free 5-day course →",images/b3-13.jpg,https://thesaunahost.com/?utm_source=pinterest&utm_medium=organic&utm_campaign=b3&utm_content=b3-13#themes,A woman talking animatedly in a warm sauna,2026-08-28T15:04:40,1137370080940462480,
2026-08-25,15:00,1137370149584773422,A women's wellness circle for friends over 40,"Women's wellness circle ideas for friends over 40: heat, cold, and a room where nobody has to hold it together. This is strong medicine in a supported container. Learn to host it in the free Sauna Host course. See how to host →",images/b3-14.jpg,https://thesaunahost.com/?utm_source=pinterest&utm_medium=organic&utm_campaign=b3&utm_content=b3-14#themes,A woman smiling warmly on a sauna bench,2026-08-28T20:14:35,1137370080940481321,
2026-08-25,20:00,1137370149584773409,Sauna host tip: the playlist sets the room,"Sauna hosting tips: slow enough for the heat, punctuated for the cold, quiet enough for conversation. The playlist is a host's quietest tool. Our free workbook has the full setup list. Get the workbook →",images/b3-15.jpg,https://thesaunahost.com/workbook?utm_source=pinterest&utm_medium=organic&utm_campaign=b3&utm_content=b3-15,A man laughing on a cedar sauna bench,2026-08-29T09:04:05,1137370080940522832,
2026-08-26,09:00,1137370149584773409,The Sauna Host: a free 5-day mini course on hosting sauna and cold plunge gatherings,"Free 5-day mini course: The Sauna Host teaches you to host the gathering your friends are hungry for. Sauna, cold plunge, breath, and the conversation that follows. One short lesson a day. Start the free 5-day course →",images/b3-16.jpg,https://thesaunahost.com/?utm_source=pinterest&utm_medium=organic&utm_campaign=b3&utm_content=b3-16,A group of friends sitting together in a cedar sauna at Revivery,2026-08-29T15:04:06,1137370080940548917,
2026-08-26,15:00,1137370149584773414,Heat ice repeat: the ritual that brings people together,"Contrast therapy with friends: heat, ice, repeat. It's not a workout, it's a ritual, and it works better in company. The Sauna Host is a free 5-day course on hosting it. Discover the practice →",images/b3-17.jpg,https://thesaunahost.com/?utm_source=pinterest&utm_medium=organic&utm_campaign=b3&utm_content=b3-17,A group in a cold plunge pool at Revivery,2026-08-29T20:04:05,1137370080940569360,
2026-08-26,20:00,1137370149584773416,Group sauna: a new kind of happy hour,Happy hour ideas without the hangover: a group sauna night. Swap the bar for the bench and keep the friends. The free 5-day Sauna Host course shows you how to host it. Start the free 5-day course →,images/b3-18.jpg,https://thesaunahost.com/?utm_source=pinterest&utm_medium=organic&utm_campaign=b3&utm_content=b3-18,Two men talking on a sauna bench at Revivery,2026-08-30T09:04:05,1137370080940611643,
2026-08-27,09:00,1137370149584773424,What a great sauna host does in the first 90 seconds,"Sauna hosting tips: the first 90 seconds decide the whole session. Lesson 1 of the free Sauna Host course covers the welcome, the room, and the one sentence that puts guests at ease. See how to host →",images/b3-19.jpg,https://thesaunahost.com/lesson-1?utm_source=pinterest&utm_medium=organic&utm_campaign=b3&utm_content=b3-19,A member walking through the rain shower at Revivery,2026-08-30T15:04:06,1137370080940638508,
2026-08-27,15:00,1137370149584773422,Host a women's circle they'll still be talking about,"Women's circle ideas: skip the brunch and host a sauna and cold plunge gathering. Heat, cold, and conversation that goes somewhere. One of five themes in the free 5-day Sauna Host course. Start the free 5-day course →",images/b3-20.jpg,https://thesaunahost.com/?utm_source=pinterest&utm_medium=organic&utm_campaign=b3&utm_content=b3-20#themes,A woman in a cold plunge pool with hands clasped,2026-08-30T20:04:09,1137370080940657661,
2026-08-27,20:00,1137370149584773416,"Sober social ideas: no drinks, all connection","Sober social ideas: a sauna and cold plunge gathering is the hangout that doesn't revolve around drinking. Host a practice, not a party. The free Sauna Host course shows you how in five short lessons. Discover the practice →",images/b3-21.jpg,https://thesaunahost.com/?utm_source=pinterest&utm_medium=organic&utm_campaign=b3&utm_content=b3-21,A man mid-conversation in a warm cedar sauna,2026-08-31T09:04:08,1137370080940694467,
2026-08-28,09:00,1137370149584773412,"Cold plunge ritual: breathe, then go","Cold plunge ritual for beginners: it isn't about being brave, it's about being prepared. Two breath patterns, taught in lesson 1 of the free Sauna Host course, make the cold workable for every guest. Start the free 5-day course →",images/b3-22.jpg,https://thesaunahost.com/lesson-1?utm_source=pinterest&utm_medium=organic&utm_campaign=b3&utm_content=b3-22,A woman in a cold plunge with eyes closed and hands together,2026-08-31T15:04:08,1137370080940717650,
2026-08-28,15:00,1137370149584773424,How to set the room for a sauna gathering,"Sauna hosting checklist: light, heat, music, and permission. The room does most of the work if you set it with intention. Our free Sauna Host workbook has the full setup list. Get the workbook →",images/b3-23.jpg,https://thesaunahost.com/workbook?utm_source=pinterest&utm_medium=organic&utm_campaign=b3&utm_content=b3-23,A folded towel on a wooden bench in a dark studio,2026-08-31T20:04:09,1137370080940735350,
2026-08-28,20:00,1137370149584773416,10 questions that open a room,"Conversation starters for a wellness gathering: 10 questions that open a room without feeling like icebreakers. They're in the free Sauna Host workbook, with the session flow to match. Get the workbook →",images/b3-24.jpg,https://thesaunahost.com/workbook?utm_source=pinterest&utm_medium=organic&utm_campaign=b3&utm_content=b3-24,Two members at the doorway of the sauna and plunge room,2026-09-01T10:07:11,1137370080940775795,
2026-08-29,09:00,1137370149584767492,"Date night: heat, ice, each other","Date night ideas at home or at a studio: a sauna and cold plunge night for two. No menu, no screens, just a shared practice. The free 5-day Sauna Host course covers how to host it. See how to host →",images/b3-25.jpg,https://thesaunahost.com/?utm_source=pinterest&utm_medium=organic&utm_campaign=b3&utm_content=b3-25#themes,A couple laughing together beside a cold plunge,2026-09-01T15:04:10,1137370080940793566,
2026-08-29,15:00,1137370149584767492,A ritual to mark the moment,"Milestone ritual ideas: birthday, new chapter, or a big decision. Mark it with heat, cold, and the people who matter. The Sauna Host free course shows you how to host a milestone gathering. Start the free 5-day course →",images/b3-26.jpg,https://thesaunahost.com/?utm_source=pinterest&utm_medium=organic&utm_campaign=b3&utm_content=b3-26#themes,A man seated calmly on a sauna bench in a wool hat,2026-09-01T20:04:09,1137370080940811710,
2026-08-29,20:00,1137370149584767492,Men's gathering: the bench is where the real talk happens,Men's group ideas beyond the bar: sit in the heat together. The sauna bench is where guards drop and the cold is where they stay down. Host it with the free 5-day Sauna Host course. Discover the practice →,images/b3-27.jpg,https://thesaunahost.com/?utm_source=pinterest&utm_medium=organic&utm_campaign=b3&utm_content=b3-27#themes,A man laughing with open hands on a sauna bench,,,
2026-08-30,09:00,1137370149584773421,The Sunday reset: a thermal wellness practice at home,"Thermal wellness at home: a Sunday sauna and cold plunge reset you can host for the people you live with. This is a practice, not an event, and capacity grows over time. Learn to host it in the free Sauna Host course. Start the free 5-day course →",images/b3-28.jpg,https://thesaunahost.com/?utm_source=pinterest&utm_medium=organic&utm_campaign=b3&utm_content=b3-28,A woman with eyes closed resting in a sauna,,,
2026-08-30,15:00,1137370149584773409,Who teaches the Sauna Host: Revivery leads,"The Sauna Host free course is taught by Revivery leads, the people trained to hold the room through heat and cold every day. Learn the practice from them, then host it yourself. Discover the practice →",images/b3-29.jpg,https://thesaunahost.com/?utm_source=pinterest&utm_medium=organic&utm_campaign=b3&utm_content=b3-29,"A Revivery lead in the cold plunge, calm and focused",,,
2026-08-30,20:00,1137370149584773421,"This is a practice, not an event","Sauna and cold plunge as a weekly practice, not a one-off event. Host it once and it's a nice night. Host it weekly and watch what changes in the room. The free 5-day Sauna Host course gets you started. Start the free 5-day course →",images/b3-30.jpg,https://thesaunahost.com/?utm_source=pinterest&utm_medium=organic&utm_campaign=b3&utm_content=b3-30,A woman smiling on a sauna bench at Revivery,,,
